{
  "format_version": "1.21.70",
  "minecraft:lighting_settings": {
    "description": {
      "identifier": "vedapack:jamur_raiden_lighting"
    },
    "directional_lights": {
      "sun": {
        "illuminance": {
          "0.000000": 100.0,
          "0.050000": 100.0,
          "1.000000": 100.0,
          "0.313846": 0.0,
          "0.684230": 0.0,
          "0.950000": 100.0
        },
          "color": {//Pewarnaan Cakep Matahari
          "0.717949": [ 232, 209, 255 ],
          "0.250000": [ 255,119,0 ],
          "0.140811": [ 174, 158, 255 ],
          "0.216944": [ 182, 158, 255 ],
          "0.314561": [ 242, 229, 255 ],
          "0.269504": [ 187, 153, 255 ],
          "0.801062": [ 174, 158, 255 ],
          "0.506998": [ 170, 153, 255 ],
          "0.750000": [ 255, 148, 113 ],
          "1.000000": [ 221, 214, 255 ]
        }
      },
      "moon": {
        "illuminance": {
          "0.750000": 0.0,
          "0.000000": 0.0,
          "0.200000": 0.0,
          "1.000000": 0.0,
          "0.225000": 0.4,
          "0.735000": 0.4
        },
          "color": {//Pewarnaan Cakep Malam
            "0.000000": [ 114, 255, 255 ],
            "1.000000": [ 114, 255, 255 ]
        }
      }
    }
  }
}
