{
	"format_version":"1.21.40",
	"minecraft:atmosphere_settings":{
		"description":{
			"identifier":"vedapack:deepdark_raiden_atmosperics"
		},
		"sky_zenith_color":{
			"0.250000":[
				70,
				82,
				209
			],
			"0.180000":[
				47,
				68,
				96
			],
			"0.350000":[
				28,
				43,
				66
			],
			"1.000000":[
				68,
				97,
				138
			],
			"0.500000":[
				28,
				43,
				66
			],
			"0.750000":[
				55,
				57,
				64
			],
			"0.820000":[
				61,
				90,
				131
			]
		},
		"sky_horizon_color":{
			"0.000000":[
				38,
				56,
				80
			],
			"0.171875":[
				118,
				142,
				170
			],
			"0.470000":[
				66,
				98,
				238
			],
			"0.250000":[
				254,
				145,
				205
			],
			"0.647500":[
				153,
				110,
				86
			],
			"0.305000":[
				124,
				174,
				236
			],
			"0.350000":[
				57,
				83,
				112
			],
			"0.417500":[
				102,
				117,
				132
			],
			"0.750000":[
				137,
				89,
				67
			],
			"0.840000":[
				106,
				145,
				193
			],
			"1.000000":[
				186,
				236,
				255
			]
		},
		"rayleigh_strength":{
			"0.750000":5,
			"0.325000":3,
			"0.000000":5,
			"0.250000":0.10000000149011612,
			"0.300000":4,
			"0.303750":3,
			"0.600000":4,
			"0.707500":4.5
		},
		"sun_mie_strength":{
			"0.000000":60
		},
		"moon_mie_strength":{
			"0.000000":0
		},
		"sun_glare_shape":{
			"0.000000":0.5
		},
		"horizon_blend_stops":{
			"min": {
        "0.000000": 0.0,
        "1.000000": 0.0
      },
			"start": {
        "0.750000": 0.25,
        "0.000000": 0.800000011920929,
        "0.827004": 0.5,
        "0.250000": 0.5,
        "0.300912": 0.25,
        "1.000000": 0.800000011920929
      },
			"mie_start": {
        "0.800000": 1.0,
        "0.000000": 0.5,
        "0.900000": 0.5,
        "0.100000": 0.5,
        "0.200000": 1.0,
        "1.000000": 0.5
      },
			"max": {
        "0.000000": 1,
        "1.000000": 1
      }
		}
	}
}