{
	"format_version":"1.21.40",
	"minecraft:atmosphere_settings":{
		"description":{
			"identifier":"vedapack:end_raiden_atmosperics"
		},
		"sky_zenith_color":{
			"0.0":[56, 0, 63 ],
			"1.0":[56, 0, 63  ]
		},
		"sky_horizon_color":{
			"0.000000":[171, 70, 191 ],
			"1.000000":[228, 93, 255 ]
		},
		"rayleigh_strength":{
			"0.750000":5,
			"0.325000":3,
			"0.000000":5,
			"0.250000":0.10000000149011612,
			"0.300000":4,
			"0.303750":3,
			"0.600000":4,
			"0.707500":4.5
		},
		"sun_mie_strength":{"0.0": 60,"1.0": 60},
		"moon_mie_strength":{"0.0": 0.0,"1.0": 0.0},
		"sun_glare_shape":{"0.0": 0.5,"1.0": 0.5},
		"horizon_blend_stops":{"min": {"0.0": 0.0,"1.0": 0.0},
			"start": {
   "0.750000": 0.25,
   "0.000000": 0.800000011920929,
   "0.827004": 0.5,
   "0.250000": 0.5,
		 "0.300912": 0.25,
   "1.000000": 0.800000011920929
   },
   "mie_start": {
   "0.800000": 1.0,
   "0.000000": 0.5,
   "0.900000": 0.5,
   "0.100000": 0.5,
   "0.200000": 1.0,
   "1.000000": 0.5
   },
   "max": {"0.0": 1,"1.0": 1}
		}
	}
}