{
	"format_version":"1.21.40",
	"minecraft:atmosphere_settings":{
		"description":{
			"identifier":"vedapack:jamur_raiden_atmosperics"
		},
		"sky_zenith_color":{
			"0.000000":[61,90,131 ],//siang
			"0.352560":[28,43,66 ],//malam
			"0.199685":[60,97,138 ],//siang
			"0.800315":[68,97,138 ],//siang
			"0.644880":[70,2,209 ]//pagi
		},
		"sky_horizon_color": {
      "0.217114": [ 255, 97, 134 ],
      "0.000000": [ 233, 255, 187 ],
      "0.167053": [ 183, 189, 198 ],
      "0.239274": [ 255, 97, 134 ],
      "0.361464": [ 168, 168, 238 ],
      "0.276382": [ 136, 108, 108 ],
      "0.401799": [ 106, 83, 157 ],
      "0.616996": [ 106, 83, 157 ],
      "0.654508": [ 144, 144, 238 ],
      "0.706861": [ 223, 187, 237 ],
      "0.748744": [ 141, 114, 255 ],
      "0.786432": [ 226, 213, 191 ],
      "0.830049": [ 233, 255, 187 ]
    },
		"rayleigh_strength":{
			"0.750000":5,
			"0.325000":3,
			"0.000000":5,
			"0.250000":0.10000000149011612,
			"0.300000":4,
			"0.303750":3,
			"0.600000":4,
			"0.707500":4.5
		},
		"sun_mie_strength":{"0.0": 60,"1.0": 60},
		"moon_mie_strength":{"0.0": 0.0,"1.0": 0.0},
		"sun_glare_shape":{"0.0": 0.5,"1.0": 0.5},
		"horizon_blend_stops":{"min": {"0.0": 0.0,"1.0": 0.0},
			"start": {
   "0.750000": 0.25,
   "0.000000": 0.800000011920929,
   "0.827004": 0.5,
   "0.250000": 0.5,
		 "0.300912": 0.25,
   "1.000000": 0.800000011920929
   },
   "mie_start": {
   "0.800000": 1.0,
   "0.000000": 0.5,
   "0.900000": 0.5,
   "0.100000": 0.5,
   "0.200000": 1.0,
   "1.000000": 0.5
   },
			"max": {"0.0": 1,"1.0": 1}
		}
	}
}