{
	"format_version":"1.21.40",
	"minecraft:atmosphere_settings":{
		"description":{
			"identifier":"vedapack:mesa_raiden_atmosperics"
		},
		"sky_zenith_color":{
			"0.000000":[43,90,98 ],//siang
			"0.352560":[20,43,97 ],//malam
			"0.199685":[43,90,98 ],//siang
			"0.800315":[43,90,98 ],//siang
			"0.644880":[62,8,240 ]//pagi
		},
		"sky_horizon_color":{
			"0.000000":[110,140,170 ],
			"0.167053":[118,142,170 ],
			"0.217114":[254,145,205 ],
			"0.239274":[250,140,200 ],
			"0.276382":[240,100,160 ],
			"0.361464":[57,83,112 ],
			"0.401799":[102,117,132 ],
			"0.616996":[100,110,130 ],
			"0.654508":[124,174,236 ],
			"0.706861":[66,98,238 ],
			"0.748744":[153,110,86 ],
			"0.786432":[137,89,67 ],
			"0.830049":[106,145,193 ]
		},
		"rayleigh_strength":{
			"0.750000":5,
			"0.325000":3,
			"0.000000":5,
			"0.250000":0.10000000149011612,
			"0.300000":4,
			"0.303750":3,
			"0.600000":4,
			"0.707500":4.5
		},
		"sun_mie_strength":{"0.0": 60,"1.0": 60},
		"moon_mie_strength":{"0.0": 0.0,"1.0": 0.0},
		"sun_glare_shape":{"0.0": 0.5,"1.0": 0.5},
		"horizon_blend_stops":{"min": {"0.0": 0.0,"1.0": 0.0},
			"start": {
   "0.750000": 0.25,
   "0.000000": 0.800000011920929,
   "0.827004": 0.5,
   "0.250000": 0.5,
		 "0.300912": 0.25,
   "1.000000": 0.800000011920929
   },
   "mie_start": {
   "0.800000": 1.0,
   "0.000000": 0.5,
   "0.900000": 0.5,
   "0.100000": 0.5,
   "0.200000": 1.0,
   "1.000000": 0.5
   },
			"max": {"0.0": 1,"1.0": 1}
		}
	}
}