{  
  "horizon_blend_stops": {
   "min": {
   "0.1962499916553497": 0.008,
   "0.34": 0.11, 
   "0.6": 0.027, 
   "0.6750000119209290": 0.013, 
   "0.7487499713897705": 0.0
   },
  "start": {
  "0.0": 0.25, 
  "0.1962499916553497": 0.417, 
  "0.25": 0.213, 
  "0.34": 0.401, 
  "0.6": 0.23, 
  "0.6750000119209290": 0.214, 
  "0.7487499713897705": 0.199, 
  "0.8174999952316284": 0.617
  },
  "mie_start": 0.0,
  "max": {
  "0.0": 0,
  "0.25": 0.4,
  "0.5": 0.4,
  "0.75": 0.4,
  "1.0": 0.4
  }
  },
  "rayleigh_strength": { //Efek bagus buat langit jadi ada ungunya tapi bakal aneh kalau berlebihan
  "0.0": 1.026, 
  "0.25": 0.162, 
  "0.3": 0.162, 
  "0.303": 0.162, 
  "0.324": 0.162, 
  "0.6": 0.5, 
  "0.707": 0.198, 
  "0.75": 0.125
  }, 
  "sun_mie_strength": { //Dari Pogy + edit
  "0.0": 10.0,
  "0.25": 0,
  "0.3": 0,
  "0.303": 0,
  "0.324": 0,
  "0.6": 0,
  "0.707": 0,
  "0.75": 0,
  "0.90": 0
  }, 
  "moon_mie_strength": { //Bulan Nya Bersinar cuy.
  "0.0": 0.0, 
  "0.25": 0.0, 
  "0.3": 0.0, 
  "0.303": 0.12, 
  "0.324": 0.5, 
  "0.6": 0.5, 
  "0.707": 0.0, 
  "0.75": 0.0 
  }, 
  "sun_glare_shape": { //Poggy?
  "0.0": 50.89,
  "0.25": 75.89,
  "0.3": 150.89,
  "0.30": 75.84,
  "0.32": 75.0,
  "0.5": 50.89,
  "0.6": 50.0,
  "0.70": 75,
  "0.75": 256,
  "0.80": 22500 
  }, 
  "moon_glare_shape": { //Seberapa besar pantulan cahaya dari bulan.
  "0.0" : 25.8,
  "0.25": 50.8,
  "0.3" : 50.8,
  "0.30": 7.8,
  "0.32": 7.0,
  "0.5" : 50.8,
  "0.6" : 14.0,
  "0.70": 50,
  "0.75": 50
  },
  "sky_zenith_color":{ //Warna SKY Zenith Atas, kalau yg horizon dibawah pewarnaan nya.
  "0.0" : "#4B6A96",                     //Siang
  "0.15": "#43618A",                    //rada Siang
  "0.20": "#334967",                   //Mau Sore
  "0.25": "#2D3036",                  //Sore udah
  "0.35": "#202227",                 //Masih Sore Dah Mau Malem
  "0.47": "#131D2B",                //Malam
  "0.5" : "#19263B",               //Tengah Malam
  "0.75": "#202D43",              //Kepagian
  "1.0" : "#496995"              //Masih Dingin Brr
  }, 
  "sky_horizon_color":{ //Ray Tracing Sky Color?, Gw Sering Pake Pewarnaan langit buat Ngerender dimine imator pake langit rtx dari assets ray tracing minecraft bedrock.
  "0.0" : "#BAECFF",          //Siang
  "0.15": "#7CAEEC",         //rada Siang
  "0.20": "#9CC2DC",        //Mau Sore
  "0.25": "#7E3C26",       //Sore udah
  "0.35": "#542517",      //Masih Sore Dah Mau Malem
  "0.47": "#344555",     //Malam
  "0.5" : "#3F576B",    //Tengah Malam
  "0.75": "#0C121A",   //Kepagian
  "1.0" : "#BAECFF"   //Persiapan Pagi
  }
}