{  
  "horizon_blend_stops":{
    "min": { 
      "0.0": 0.0, 
      "0.1962499916553497": 0.008, 
      "0.25": 0.0, 
      "0.34": 0.11, 
      "0.6": 0.027, 
      "0.6750000119209290": 0.01332983374595642, 
      "0.7487499713897705": 0.0, 
      "0.8174999952316284": 0.0 
    }, 
    "start": { 
      "0.0": 0.25, 
      "0.1962499916553497": 0.4179066121578217, 
      "0.25": 0.213, 
      "0.34": 0.401, 
      "0.6": 0.23, 
      "0.6750000119209290": 0.2143078744411469, 
      "0.7487499713897705": 0.1990064233541489, 
      "0.8174999952316284": 0.6179999709129333 
    }, 
    "mie_start": {
      "0.0": 0.5,
      "0.1962499916553497": 1.172000050544739,
      "0.25": 0.5,
      "0.34": 0.5009999871253967,
      "0.6": 0.167,
      "0.6750000119209290": 0.15,
      "0.7487499713897705": 0.55,
      "0.8174999952316284": 0.79
    }, 
    "max": { 
      "0.0": 0.25, 
      "0.1962499916553497": 0.137, 
      "0.25": 0.0, 
      "0.34": 0.467, 
      "0.6": 0.2,
      "0.6750000119209290": 0.1919008344411850, 
      "0.7487499713897705": 0.214, 
      "0.8174999952316284": 0.0 
    } 
  }, 
  "rayleigh_strength": { 
    "0.0": 1.026124954, 
    "0.25": 0.1624998152, 
    "0.3": 0.1624998152, 
    "0.3037499785423279": 0.1624998152, 
    "0.3249999880790710": 0.1624998152, 
    "0.6": 0.5, 
    "0.7074999809265137": 0.1982535422, 
    "0.75": 0.125
  }, 
  "sun_mie_strength": { 
    "0.0": 1.0, 
    "0.25": 3.0, 
    "0.3": 3.0, 
    "0.3037499785423279": 2.878501892089844, 
    "0.3249999880790710": 1.0, 
    "0.6": 1.0, 
    "0.7074999809265137": 1.0, 
    "0.75": 1.0 
  }, 
  "moon_mie_strength": { //original
    "0.0": 0.0, 
    "0.25": 0.0, 
    "0.3": 0.0, 
    "0.3037499785423279": 0.114, 
    "0.3249999880790710": 1.0, 
    "0.6": 1.0, 
    "0.7074999809265137": 0.0, 
    "0.75": 0.0 
  }, 
  "sun_glare_shape": {
    "0.0": 15.89900016784668, 
    "0.25": 15.89900016784668, 
    "0.3": 15.89900016784668, 
    "0.3037499785423279": 15.84438705444336, 
    "0.3249999880790710": 15.0, 
    "0.6": 4.0, 
    "0.7074999809265137": 4.0, 
    "0.75": 4.0 
  },
  "moon_glare_shape": {
    "0.0": 50.89900016784668,
    "0.25": 100.89900016784668,
    "0.3": 100.89900016784668,
    "0.3037499785423279": 15.84438705444336,
    "0.3249999880790710": 15.0,
    "0.5": 100.89900016784668,
    "0.6": 24.0,
    "0.7074999809265137": 100,
    "0.75": 100
  },
  "sky_zenith_color": { //warna sky zenith atas kalau yg horizon dibawah
    "0.0": [10, 14, 19], //tengah malam
    "0.25": [132, 70, 48],  //sore
    "0.5": [67, 98, 140],  //siang
    "0.75": [75, 104, 149] //pagi
  }, 
  "sky_horizon_color": { //Veda sky style?, Gw sering pake pewarnaan langit di render mine imator pake langit rtx dari assets ray tracing minecraft bedrock.
    "0.0": [28, 43, 66],//Tengan malam
    "0.171875": [9, 13, 18], //Malam
    "0.25": [255, 85, 85], //sore
    "0.305": [173, 60, 67], //Dah Mau Sore
    "0.35": [168, 76, 140], //ashar
    "0.4174999892711639": [130, 99, 169], //Mending tidur siang
    "0.47": [66, 98, 238], //Selamat Siang
    "0.6030000448226929": [66, 98, 238], //Habis Upacara
    "0.6474999785423279": [168, 99, 162], //Upacara
    "0.75": [27, 37, 51], //Pagi
    "0.84": [242, 168, 152] //Kepagian
  } 
}