{  
  "horizon_blend_stops":{
    "min": {
      "0.0": 0.0, 

    },
    "start": {
      "0.0": 0.25, 
      "0.1962499916553497": 0.4179066121578217, 
      "0.25": 0.213, 
      "0.34": 0.401, 
      "0.6": 0.23, 
      "0.6750000119209290": 0.2143078744411469, 
      "0.7487499713897705": 0.1990064233541489, 
      "0.8174999952316284": 0.6179999709129333 
    },
    "mie_start": {
      "0.0": 0.5,
      "0.1962499916553497": 1.172000050544739,
      "0.25": 0.5,
      "0.34": 0.5009999871253967,
      "0.6": 0.167,
      "0.6750000119209290": 0.15,
      "0.7487499713897705": 0.55,
      "0.8174999952316284": 0.79
    }, 
    "max": { 
      "0.0": 0.25, 
    } 
  }, 
  "rayleigh_strength": { //Efek bagus buat langit jadi ada ungunya tapi bakal aneh kalau berlebihan
  "0.0": 1.026124954, 
    "0.25": 0.1624998152, 
    "0.3": 0.1624998152, 
    "0.3037499785423279": 0.1624998152, 
    "0.3249999880790710": 0.1624998152, 
    "0.6": 0.5, 
    "0.7074999809265137": 0.1982535422, 
    "0.75": 0.125
  }, 
  "sun_mie_strength": { //pogy + edit
  "0.0": 1.0,
  "0.25": 3.0,
  "0.3": 3.0,
  "0.3037499785423279": 2.878501892089844,
  "0.3249999880790710": 1.0,
  "0.6": 1.0,
  "0.7074999809265137": 1.0,
  "0.75": 100.0,
  "0.90": 3
  }, 
  "moon_mie_strength": { //Bulan Nya Bersinar cuy.
  "0.0": 0.0, 
    "0.25": 0.0, 
    "0.3": 0.0, 
    "0.3037499785423279": 0.114, 
    "0.3249999880790710": 1.0, 
    "0.6": 1.0, 
    "0.7074999809265137": 0.0, 
    "0.75": 0.0 
  }, 
  "sun_glare_shape": { //poggy?
  "0.0": 50.89900016784668,
  "0.25": 75.89900016784668,
  "0.3": 150.89900016784668,
  "0.3037499785423279": 75.84438705444336,
  "0.3249999880790710": 75.0,
  "0.5": 50.89900016784668,
  "0.6": 50.0,
  "0.7074999809265137": 75,
  "0.75": 256,
  "0.80": 22500 
  }, 
  "moon_glare_shape": { //salinan dari poggy
  "0.0": 50.8,
  "0.25": 100.8,
  "0.3": 100.8,
  "0.3037499785423279": 15.8,
  "0.3249999880790710": 15.0,
  "0.5": 100.8,
  "0.6": 24.0,
  "0.7074999809265137": 100,
  "0.75": 100
  },
  "sky_zenith_color": { //Warna SKY Zenith Atas, kalau yg horizon dibawah pewarnaan nya.
  "0.0": [73, 105, 149],                                 //Siang
  "0.125": [67, 97, 138],                               //rada Siang
  "0.20": [51, 73, 103],                               //Mau Sore
  "0.25": [53, 54, 61],                               //Sore udah
  "0.35": [32, 34, 39],                              //Masih Sore Dah Mau Malem
  "0.47": [19, 29, 43],                             //Malam
  "0.5": [25, 38, 59],                             //Tengah Malam
  "0.75": [32, 45, 67]                            //Kepagian
  }, 
  "sky_horizon_color": { //VEDA SKY STYLE?, Gw Sering Pake Pewarnaan langit di render mine imator pake langit rtx dari assets ray tracing minecraft bedrock.
  "0.0": [186, 236, 255],                       //Siang
  "0.125": [211, 251, 255],                    //rada Siang
  "0.20": [153, 197, 220],                    //Mau Sore
  "0.25": [108, 31, 9],                      //Sore udah
  "0.35": [80, 20, 7],                      //Masih Sore Dah Mau Malem
  "0.47": [52, 69, 85],                    //Malam
  "0.5": [63, 87, 107],                   //Tengah Malam
  "0.75": [57, 83, 112]                  //Kepagian
  } 
}