{  
  "horizon_blend_stops":{
  "min": {
  "0.0": 0.0, 
  "0.1962499916553497": 0.008, 
  "0.25": 0.0, 
  "0.34": 0.11, 
  "0.6": 0.027, 
  "0.6750000119209290": 0.01332983374595642, 
  "0.7487499713897705": 0.0, 
  "0.8174999952316284": 0.0 
  },
  "start": {
  "0.0": 0.25, 
  "0.1962499916553497": 0.4179066121578217, 
  "0.25": 0.213, 
  "0.34": 0.401, 
  "0.6": 0.23, 
  "0.6750000119209290": 0.2143078744411469, 
  "0.7487499713897705": 0.1990064233541489, 
  "0.8174999952316284": 0.6179999709129333 
  },
  "mie_start": 0.0, //Biar gaada cahaya kecil di matahari owi.
  "max": {
  "0.0": 0,
  "0.25": 0.4,
  "0.5": 0.4,
  "0.75": 0.4,
  "1.0": 0.4
  }
  }, 
  "rayleigh_strength": { //Efek bagus buat langit jadi ada ungunya tapi bakal aneh kalau berlebihan
  "0.0": 1.026124954, 
  "0.25": 0.1624998152, 
  "0.3": 0.1624998152, 
  "0.303": 0.1624998152, 
  "0.324": 0.1624998152, 
  "0.6": 0.5, 
  "0.707": 0.1982535422, 
  "0.75": 0.125
  }, 
  "sun_mie_strength": { //Dari Pogy + edit
  "0.0": 1.0,
  "0.25": 3.0,
  "0.3": 3.0,
  "0.303": 2.878,
  "0.324": 1.0,
  "0.6": 1.0,
  "0.707": 1.0,
  "0.75": 100.0,
  "0.90": 3
  }, 
  "moon_mie_strength": { //Bulan Nya Bersinar cuy.
  "0.0": 0.0, 
  "0.25": 0.0, 
  "0.3": 0.0, 
  "0.303": 0.114, 
  "0.324": 1.0, 
  "0.6": 1.0, 
  "0.707": 0.0, 
  "0.75": 0.0 
  }, 
  "sun_glare_shape": { //Poggy?
  "0.0": 50.89,
  "0.25": 75.89,
  "0.3": 150.89,
  "0.30": 75.84,
  "0.32": 75.0,
  "0.5": 50.89,
  "0.6": 50.0,
  "0.70": 75,
  "0.75": 256,
  "0.80": 22500 
  }, 
  "moon_glare_shape": { //Seberapa besar pantulan cahaya dari bulan.
  "0.0" : 25.8,
  "0.25": 50.8,
  "0.3" : 50.8,
  "0.30": 7.8,
  "0.32": 7.0,
  "0.5" : 50.8,
  "0.6" : 14.0,
  "0.70": 50,
  "0.75": 50
  },
  "sky_zenith_color":{ //Warna SKY Zenith Atas, kalau yg horizon dibawah pewarnaan nya.
  "0.0" : "#496995",                     //Siang
  "0.15": "#434967",                    //rada Siang
  "0.20": "#334967",                   //Mau Sore
  "0.25": "#35363D",                  //Sore udah
  "0.35": "#202227",                 //Masih Sore Dah Mau Malem
  "0.47": "#131D2B",                //Malam
  "0.5" : "#19263B",               //Tengah Malam
  "0.75": "#496995",              //Kepagian
  "1.0" : "#496995"              //Masih Dingin Brr
  }, 
  "sky_horizon_color":{ //Ray Tracing Sky Color?, Gw Sering Pake Pewarnaan langit buat Ngerender dimine imator pake langit rtx dari assets ray tracing minecraft bedrock.
  "0.0" : "#BAECFF",          //Siang
  "0.15": "#D3FBFF",         //rada Siang
  "0.20": "#99C5DC",        //Mau Sore
  "0.25": "#6C1F09",       //Sore udah
  "0.35": "#501407",      //Masih Sore Dah Mau Malem
  "0.47": "#344555",     //Malam
  "0.5" : "#3F576B",    //Tengah Malam
  "0.75": "#BAECFF",   //Kepagian
  "1.0" : "#BAECFF"   //Persiapan Pagi
  } 
}