{
    "sky_zenith_color": {
      "0.000000": [
        75,
        106,
        150
      ],
      "0.200000": [
        51,
        73,
        103
      ],
      "0.150000": [
        67,
        97,
        138
      ],
      "0.250000": [
        45,
        48,
        54
      ],
      "0.350000": [
        32,
        34,
        39
      ],
      "0.500000": [
        25,
        38,
        59
      ],
      "0.550000": [
        19,
        29,
        43
      ],
      "0.700000": [
        25,
        38,
        59
      ],
      "0.750000": [
        204,
        58,
        18
      ],
      "0.800000": [
        51,
        73,
        103
      ],
      "0.950000": [
        89,
        116,
        157
      ],
      "1.000000": [
        75,
        106,
        150
      ]
    },
    "sky_horizon_color": {
      "0.000000": [
        186,
        236,
        255
      ],
      "0.200000": [
        156,
        194,
        220
      ],
      "0.150000": [
        124,
        174,
        236
      ],
      "0.250000": [
        126,
        60,
        38
      ],
      "0.350000": [
        16,
        50,
        81
      ],
      "0.500000": [
        63,
        87,
        107
      ],
      "0.550000": [
        52,
        69,
        85
      ],
      "0.700000": [
        63,
        87,
        107
      ],
      "0.750000": [
        136,
        88,
        66
      ],
      "0.800000": [
        156,
        194,
        220
      ],
      "0.950000": [
        125,
        176,
        239
      ],
      "1.000000": [
        186,
        236,
        255
      ]
    },
    "rayleigh_strength": {
      "0.303000": 1,
      "0.000000": 7,
      "0.600000": 5,
      "0.190000": 2,
      "0.250000": 1,
      "0.324000": 1,
      "0.300000": 1,
      "0.700000": 1,
      "0.750000": 1,
      "0.810000": 0
    },
    "sun_mie_strength": {
      "0.000000": 0
    },
    "moon_mie_strength": {
      "0.000000": 0
    },
    "sun_glare_shape": {
      "0.000000": 50
    },
    "horizon_blend_stops": {
      "min": { 
      "0.0": 0.0, 
      "0.1962499916553497": 0.008, 
      "0.25": 0.0, 
      "0.34": 0.11, 
      "0.6": 0.027, 
      "0.6750000119209290": 0.01332983374595642, 
      "0.7487499713897705": 0.0, 
      "0.8174999952316284": 0.0 
    }, 
    "start": { 
      "0.0": 0.25, 
      "0.1962499916553497": 0.4179066121578217, 
      "0.25": 0.213, 
      "0.34": 0.401, 
      "0.6": 0.23, 
      "0.6750000119209290": 0.2143078744411469, 
      "0.7487499713897705": 0.1990064233541489, 
      "0.8174999952316284": 0.6179999709129333 
    }, 
    "mie_start": {
      "0.0": 0
    }, 
    "max": { 
      "0.0": 0.25, 
      "0.1962499916553497": 0.137, 
      "0.25": 0.0, 
      "0.34": 0.467, 
      "0.6": 0.2,
      "0.6750000119209290": 0.1919008344411850, 
      "0.7487499713897705": 0.214, 
      "0.8174999952316284": 0.0 
      }
    }
  }