{"sky_zenith_color":{"0.000000":[75,106,150],"0.200000":[51,73,103],"0.150000":[67,97,138],"0.250000":[45,48,54],"0.350000":[32,34,39],"0.500000":[25,38,59],"0.550000":[19,29,43],"0.700000":[25,38,59],"0.750000":[204,58,18],"0.800000":[51,73,103],"0.950000":[89,116,157],"1.000000":[75,106,150]},"sky_horizon_color":{"0.000000":[186,236,255],"0.200000":[156,194,220],"0.150000":[124,174,236],"0.250000":[126,60,38],"0.350000":[16,50,81],"0.500000":[63,87,107],"0.550000":[52,69,85],"0.700000":[63,87,107],"0.750000":[136,88,66],"0.800000":[156,194,220],"0.950000":[125,176,239],"1.000000":[186,236,255]},"rayleigh_strength":{"0.303000":1,"0.000000":7,"0.600000":5,"0.190000":2,"0.250000":1,"0.324000":1,"0.300000":1,"0.700000":1,"0.750000":1,"0.810000":0},"sun_mie_strength":{"0.000000":0},"moon_mie_strength":{"0.000000":0},"sun_glare_shape":{"0.000000":50},"horizon_blend_stops":{"min":{"0.196000":1,"0.340000":0,"0.675000":0,"0.600000":1,"0.748000":1},"start":{"0.196000":1,"0.000000":0,"0.250000":0,"0.340000":1,"0.675000":1,"0.600000":0,"0.748000":0,"0.817000":1},"mie_start":{"0.000000":0},"max":{"0.000000":1}}}