{
  "minecraft:lighting_settings": {
    "format_version": "1.21.40",
    "description": {
      "identifier": "vedapack:raiden_lighting"
    },
    "directional_lights": {
      "sun": {
        "illuminance": {
          "0.000000": 100000,
          "0.250000": 20000,
          "0.400000": 1600,
          "0.350000": 400,
          "0.5": 1.0,
          "0.650000": 400,
          "0.500000": 1650,
          "0.750000": 20000,
          "1.000000": 100000
        },
        "color": {
          "0.000000": [185,234,255,255],
          "0.200000": [255,170,75,255],
          "0.500000": [18,24,30,255],
          "0.210000": [255,177,130,255],
          "0.250000": [108,31,9,255],
          "0.450000": [30,37,45,255],
          "0.300000": [47,12,3,255],
          "0.400000": [60,81,100,255],
          "0.350000": [45,10,3,255],
          "0.650000": [30,37,45,255],
          "0.710000": [49,66,80,255],
          "0.720000": [108,31,9,255],
          "0.750000": [255,119,0,255],
          "0.800000": [255,170,75,255],
          "0.850000": [89,116,157,255],
          "1.000000": [185,234,255,255]
        }
      },
      "moon": {
        "illuminance": {
          "0.000000": 27
        },
        "color": {
          "0.000000": [0,114,255,255]
        }
      },
      "orbital_offset_degrees": {
        "0.000000": 36,
        "0.210417": 0,
        "0.483000": 36,
        "0.983000": 36,
        "0.742917": 0
      }
    },
    "emissive": {
      "desaturation": 0
    }
  }
}