{
  "minecraft:lighting_settings": {
    "format_version": "1.21.40",
    "description": {
      "identifier": "vedapack:raiden_lighting"
    },
    "directional_lights": {
      "sun": {
        "illuminance": {
          "0.0": 10988.0,
          "0.25": 2000.0,
          "0.35": 400.0,
          "0.5": 1.0,
          "0.65": 400.0,
          "0.75": 2000.0,
          "1.0": 10988.0
        },
        "color": {
          "0.000000": [185,234,255,255],
          "0.200000": [255,170,75,255],
          "0.500000": [18,24,30,255],
          "0.210000": [255,177,130,255],
          "0.250000": [108,31,9,255],
          "0.450000": [30,37,45,255],
          "0.300000": [47,12,3,255],
          "0.400000": [60,81,100,255],
          "0.350000": [45,10,3,255],
          "0.650000": [30,37,45,255],
          "0.710000": [49,66,80,255],
          "0.720000": [108,31,9,255],
          "0.750000": [255,119,0,255],
          "0.800000": [255,170,75,255],
          "0.850000": [89,116,157,255],
          "1.000000": [185,234,255,255]
        }
      },
      "moon": {
        "illuminance": 140,
        "color": "#72ffff"
      },
      "orbital_offset_degrees": 36
    },
    "emissive": {
      "desaturation": 0
    },
    "ambient": {
            "illuminance": 0.07,
            "color": "#7F7F7F"
        }
  }
}