{
  "format_version": [1, 0, 0], 
  "directional_lights": {
    "sun": {
      "illuminance": { //Tingkat Cahaya Iluminasi Jika semakin tinggi maka semakin butuh Paramex.
        "0.0" : 17.5, //PAGI
        "0.25": 25.0, //SUDAH PAGI
        "0.35": 40.0, //MAU SIANG
        "0.4" : 45.0, //SIANG
        "0.5" : 50.0, //AGAK SIANG
        "0.65": 37.5, //BURUAN SEKOLAH
        "0.75": 30.0, //PAGI
        "1.0" : 17.5 //UPACARA KESIANGAN
      },
      "color": {
        "0.0": "#FFFF7700",//Mulai Pagi
        "0.15": "#FFFFBB7F",//Mulai Pagi
        "0.25": "#FFE1A759",//Pas Pagi
        "0.39": "#FF59749D",//Udah Bukan Warna putih lagi :)
        "0.66": "#FFE1C694",//Mulai Sore
        "0.70": "#FFFFDDAF",//Mulai Sore
        "0.72": "#FF7E3C26",//Mulai Sore
        "0.75": "#FF6C1F09", //Nah pas sore baru Pagi jadi warna Senja.
        "0.80": "#FF2D0A03", //Sore Nya udahan
        "1.00": "#FF080A0D"//Mulai Pagi
      }
    },
    "moon": { 
        "illuminance": 11.0,  //Keterangan dimalam hari disamakan tingkat terang nya dengan versi non deffered.
        "color": "#FF355073"//Warna Bulan Biru RTX.
    }, 
    "orbital_offset_degrees": {
            "0.0": -36.0,
            "0.017": -36.0,
            "0.033": -35.5,
            "0.05": -32.0,
            "0.067": -28.0,
            "0.083": -24.0,
            "0.1": -20.0,
            "0.117": -16.0,
            "0.133": -12.0,
            "0.15": -8.0,
            "0.167": -4.8,
            "0.183": -2.4,
            "0.2": -0.8,
            "0.21041673": 0.0,
            "0.25": 0.0,
            "0.257083322": 0.0,
            "0.283": 0.8,
            "0.3": 2.4,
            "0.317": 4.8,
            "0.333": 8.0,
            "0.35": 12.0,
            "0.367": 16.0,
            "0.383": 20.0,
            "0.4": 24.0,
            "0.417": 28.0,
            "0.433": 32.0,
            "0.45": 32.8,
            "0.467": 35.0,
            "0.483": 36.0,
            "0.5": 36.0,
            "0.517": 36.0,
            "0.533": 35.0,
            "0.55": 34.0,
            "0.567": 33.6,
            "0.583": 32.0,
            "0.6": 28.0,
            "0.617": 24.0,
            "0.633": 20.0,
            "0.65": 16.0,
            "0.667": 12.0,
            "0.683": 8.0,
            "0.7": 4.8,
            "0.717": 2.4,
            "0.733": 0.8,
            "0.742916678": 0.0,
            "0.75": 0.0,
            "0.78958327": 0.0,
            "0.8": -0.8,
            "0.817": -2.4,
            "0.833": -4.8,
            "0.85": -8.0,
            "0.867": -12.0,
            "0.883": -16.0,
            "0.9": -20.0,
            "0.917": -24.0,
            "0.933": -28.0,
            "0.95": -32.0,
            "0.967": -35.5,
            "0.983": -36.0,
            "1.0": -36.0
        }
  },
  "point_lights": { 
      "colors": { 
         "minecraft:soul_torch": "#00FFFF",
         "minecraft:soul_lantern as": "#00FFFF",
         "minecraft:redstone_torch as": "#FF0000",
         "minecraft:torch as": "#FFFF00",
         "minecraft:end_rod as": "#FFFFFF",
         "minecraft:lantern as": "#FFBF0E",
         "minecraft:fire": "#D75A02"
      } 
  },
  "pbr": { 
      "blocks": { 
        "global_metalness_emissive_roughness": [0.0, 0.0, 0.001]  
      }, 
      "items": { 
        "global_metalness_emissive_roughness": [0.0, 0.0, 255]  
      }, 
      "actors": { 
        "global_metalness_emissive_roughness": [0.0, 0.0, 255]
      },
      "environments": { 
        "global_metalness_emissive_roughness": [0.0, 0.0, 255]
      },
      "particles": { 
        "global_metalness_emissive_roughness": [0.0, 0.0, 0.001]  
      }
  } 
}