{
  "format_version": [1, 0, 0], 
  "directional_lights": {
    "sun": {
      "illuminance": { //Tingkat Cahaya Iluminasi Jika semakin tinggi maka semakin butuh Paramex.
        "0.0" : 17.5, //PAGI
        "0.25": 25.0, //SUDAH PAGI
        "0.35": 40.0, //MAU SIANG
        "0.4" : 45.0, //SIANG
        "0.5" : 50.0, //AGAK SIANG      --- TENGAH PUTARAN
        "0.65": 37.5, //BURUAN SEKOLAH
        "0.75": 30.0, //PAGI            -- PUNCAK
        "1.0" : 17.5 //MAU KESIANGAN
      },
      "color": {
        "0.0" : "#FFB9EAFF", //SIANGG NOON Udah Bukan Warna putih lagi :)
        "0.2": "#FFFFB182", //MAU SORE
        "0.25": "#FF6C1F09", //SOREE SUNSETT
        "0.30": "#FF2F0C03", //MASIH SORE :)
        "0.35": "#FF2D0A03", //SUDAH MAU MALAM?
        "0.40": "#FF3C5164", //MAHGRIB
        "0.45": "#FF1E252D", //MALAM
        "0.50": "#FF12181E", //TENGAH MALAM MIDNIGHT              -- AKHIR
         "0.65": "#FF314250", //SUBUH?
         "0.71": "#FF314250", //SUBUH?
         "0.72": "#FF6C1F09", //PERSIAPAN MAU PAGI DULU GAK SIH
         "0.75": "#FFFF7700", //PAGI SUNRISEEEEEE
         "0.80": "#FF59749D", //BARUU WARNA UNGUU CUY
         "0.85": "#FF59749D", //SIANGG NOON
         "1.0" : "#FFB9EAFF"  //SIANGG NOON Udah Bukan Warna putih lagi :)
      }
    },
    "moon": { 
        "illuminance": 12.0,  //Keterangan dimalam hari disamakan tingkat terang nya dengan versi non deffered.
        "color": "#FF355073"//Warna Bulan Biru RTX.
    }, 
    "orbital_offset_degrees": {
            "0.0": -36.0,
            "0.017": -36.0,
            "0.033": -35.5,
            "0.05": -32.0,
            "0.067": -28.0,
            "0.083": -24.0,
            "0.1": -20.0,
            "0.117": -16.0,
            "0.133": -12.0,
            "0.15": -8.0,
            "0.167": -4.8,
            "0.183": -2.4,
            "0.2": -0.8,
            "0.21041673": 0.0,
            "0.25": 0.0,
            "0.257083322": 0.0,
            "0.283": 0.8,
            "0.3": 2.4,
            "0.317": 4.8,
            "0.333": 8.0,
            "0.35": 12.0,
            "0.367": 16.0,
            "0.383": 20.0,
            "0.4": 24.0,
            "0.417": 28.0,
            "0.433": 32.0,
            "0.45": 32.8,
            "0.467": 35.0,
            "0.483": 36.0,
            "0.5": 36.0,
            "0.517": 36.0,
            "0.533": 35.0,
            "0.55": 34.0,
            "0.567": 33.6,
            "0.583": 32.0,
            "0.6": 28.0,
            "0.617": 24.0,
            "0.633": 20.0,
            "0.65": 16.0,
            "0.667": 12.0,
            "0.683": 8.0,
            "0.7": 4.8,
            "0.717": 2.4,
            "0.733": 0.8,
            "0.742916678": 0.0,
            "0.75": 0.0,
            "0.78958327": 0.0,
            "0.8": -0.8,
            "0.817": -2.4,
            "0.833": -4.8,
            "0.85": -8.0,
            "0.867": -12.0,
            "0.883": -16.0,
            "0.9": -20.0,
            "0.917": -24.0,
            "0.933": -28.0,
            "0.95": -32.0,
            "0.967": -35.5,
            "0.983": -36.0,
            "1.0": -36.0
        }
  },
  "point_lights": { 
      "colors": { 
         "minecraft:soul_torch": "#00FFFF",
         "minecraft:soul_lantern": "#00FFFF",
         "minecraft:redstone_torch": "#FF0000",
         "minecraft:torch": "#FFFF00",
         "minecraft:end_rod": "#FFFFFF",
         "minecraft:glow_lichen": "#AEAF8C",
         "minecraft:lantern": "#FFBF0E",
         "minecraft:lit_redstone_lamp": "#FFEC74",
         "minecraft:waxed_copper_bulb": "#E6B450",
         "minecraft:waxed_oxidized_copper_bulb": "#E6B450",
         "minecraft:waxed_exposed_copper_bulb": "#E6B450",
         "minecraft:waxed_weathered_copper_bulb": "#E6B450",
         "minecraft:copper_bulb": "#E6B450",
         "minecraft:oxidized_copper_bulb": "#E6B450",
         "minecraft:exposed_copper_bulb": "#E6B450",
         "minecraft:weathered_copper_bulb": "#E6B450",
         "minecraft:fire": "#D75A02",
         //"minecraft:lava": "#ff5500",
         //"minecraft:flowing_lava": "#ff5500", //OOHH MYYY PISSSIIII.
         "minecraft:enchanting_table": "#5490cc",
         "minecraft:lit_pumpkin": "#FFFF00"
      } 
  },
  "pbr": { 
      "blocks": { 
        "global_metalness_emissive_roughness": "#0000ff"  
      }, 
      "items": { 
        "global_metalness_emissive_roughness": "#0000ff" 
      }, 
      "actors": { 
        "global_metalness_emissive_roughness": "#0000ff"
      },
      "environments": { 
        "global_metalness_emissive_roughness": "#0000ff"
      },
      "particles": { 
        "global_metalness_emissive_roughness": "#0000ff"  
      }
  } 
}