{
  "format_version": "1.21.70",
  "minecraft:lighting_settings": {
    "description": {
      "identifier": "vedapack:mesa_raiden_lighting"
    },
    "directional_lights": {
      "sun": {
        "illuminance": {
          "0.000000": 100.0,
          "0.050000": 100.0,
          "1.000000": 100.0,
          "0.313846": 0.0,
          "0.684230": 0.0,
          "0.950000": 100.0
        },
          "color": {//Pewarnaan Cakep Matahari
            "0.50": [108,31,9 ],
            "0.75": [255,119,0 ],
            "0.82": [76, 58, 15 ],
            "0.18": [76, 58, 15 ],
            "0.25": [255,119,0 ],
            "0.35": [108,31,9 ],
            "1.00": [255,227,215 ]
      }
      },
      "moon": {
        "illuminance": {
          "0.750000": 0.0,
          "0.000000": 0.0,
          "0.200000": 0.0,
          "1.000000": 0.0,
          "0.225000": 0.4,
          "0.735000": 0.4
        },
        "color": {
          "0.000000": [36,159,255 ],
          "1.000000": [36,159,255 ]//malam di bioma mesa
        }
      }
    }
  }
}
