{
  "format_version": "1.21.70",
  "minecraft:lighting_settings": {
    "description": {
      "identifier": "vedapack:pale_raiden_lighting"
    },
    "directional_lights": {
      "sun": {
        "illuminance": {
          "0.000000": 100.0,
          "0.050000": 100.0,
          "1.000000": 100.0,
          "0.313846": 0.0,
          "0.684230": 0.0,
          "0.950000": 100.0
        },
          "color": {//Pewarnaan Matahari yang itu itu aja bawaan dari mojang
            "0.50": [195,216,255 ],
            "0.75": [195,216,255 ],
            "0.82": [195,216,255 ],
            "0.18": [195,216,255 ],
            "0.25": [195,216,255 ],
            "0.35": [195,216,255 ],
            "1.00": [195,216,255 ]
      }
      },
      "moon": {
        "illuminance": {
          "0.750000": 0.0,
          "0.000000": 0.0,
          "0.200000": 0.0,
          "1.000000": 0.0,
          "0.225000": 0.4,
          "0.735000": 0.4
        },
        "color": {//Pewarnaan Cakep Malam Pale
            "0.000000": [ 168, 255, 255 ],
            "1.000000": [ 168, 255, 255 ]
          }
      }
    }
  }
}
