{
  "format_version": "1.21.80",//Pake format 1.21.60 Malah Ngebug njim Di Yapping Expexted Keyframe Halah.
  "minecraft:lighting_settings": {
    "description": {
      "identifier": "vedapack:raiden_lightning_rawamangrove"
      },
      "directional_lights": {
        "orbital": {//Update Orbit
        "sun": {
          "illuminance": {//Pencahayaan Cerah Dari Vibrant Visuals
            "0.000000": 100.0,
            "0.050000": 100.0,
            "1.000000": 100.0,
            "0.313846": 0.0,
            "0.684230": 0.0,
            "0.950000": 100.0
          },
          "color": {//Pewarnaan Cakep Matahari
            "0.5": [108,31,9 ],
            "0.75": [255,119,0 ],
            "0.82": [76, 58, 15 ],
            "0.18": [76, 58, 15 ],
            "0.25": [255,119,0 ],
            "0.35": [108,31,9 ],
            "1.0": [73, 64, 42 ]
          }
        },
          "moon": {//Pencahayaan Cakep Malam
            "illuminance": {
            "0.750000": 0.0,
            "0.000000": 0.0,
            "0.200000": 0.0,
            "1.000000": 0.0,
            "0.225000": 0.75,
            "0.735000": 0.75
          },
            "color": {//Pewarnaan Cakep Malam
            "0.000000": [ 39, 159, 255 ],
            "1.000000": [ 39, 159, 255 ]
          }
        }
      }
    }
  }
}