{
  "format_version": "1.21.80",//Pake format 1.21.60 Malah Ngebug njim Di Yapping Expexted Keyframe Halah.
  "minecraft:lighting_settings": {
    "description": {
      "identifier": "vedapack:raiden_lightning_rawa"
      },
      "directional_lights": {
        "orbital": {//Update Orbit
        "sun": {
          "illuminance": {//Pencahayaan Cerah Dari Vibrant Visuals
            "0.000000": 70.0,
            "0.050000": 70.0,
            "1.000000": 70.0,
            "0.313846": 0.0,
            "0.684230": 0.0,
            "0.950000": 70.0
          },
          "color": {//Pewarnaan Cakep Matahari
            "0.5": [108,31,9 ],
            "0.75": [255,119,0 ],
            "0.82": [76, 58, 15 ],
            "0.18": [76, 58, 15 ],
            "0.25": [255,119,0 ],
            "0.35": [108,31,9 ]
          }
        },
          "moon": {//Pencahayaan Cakep Malam
            "illuminance": {
            "0.750000": 0.0,
            "0.000000": 0.0,
            "0.200000": 0.0,
            "1.000000": 0.0,
            "0.225000": 0.75,
            "0.735000": 0.75
          },
            "color": {//Pewarnaan Cakep Malam
            "0.000000": [ 114, 255, 255 ],
            "1.000000": [ 114, 255, 255 ]
          }
        },
        "orbital_offset_degrees": {//Orbit Matahari 360 Derajat
          "0.5": 330,
          "0.75": 330,
          "0.82": 330,
          "0.93": 310,
          "0.97": 304,
          "1.0": 304,
          "0.03": 304,
          "0.07": 310,
          "0.18": 330,
        "0.25": 330,
      "0.35": 330
    }
  },
    "flash": {//Fitur Baru Ada Kedipan Cahaya Flash Di End
        "illuminance": 10.0,
        "color": [ 225, 0, 255 ]
      }
      },
      "emissive": {
       "desaturation": 0//Biar gak memutih efek bloom/terang nya
      },
      "ambient": {
        "color": "#FFFFFF",
        "illuminance": 5
      },
      "sky": {//Intesitas Langit
        "intensity": 0.1
    }
  }
}