{
  "format_version": "1.21.70",
  "minecraft:lighting_settings": {
    "description": {
      "identifier": "vedapack:raiden_lightning_rawa"
    },
    "directional_lights": {
      "sun": {
        "illuminance": {
          "0.750000": 70,
          "0.000000": 70,
          "0.250000": 70,
          "0.350000": 20,
          "1.000000": 70,
          "0.500000": 10,
          "0.700000": 10
        },
        "color": {
          "0.250000": [
            255,
            119,
            0
          ],
          "0.180000": [
            76,
            58,
            15
          ],
          "0.070000": [
            76,
            58,
            15
          ],
          "0.930000": [
            76,
            58,
            15
          ],
          "0.350000": [
            108,
            31,
            9
          ],
          "0.500000": [
            108,
            31,
            9
          ],
          "0.750000": [
            255,
            119,
            0
          ],
          "0.820000": [
            76,
            58,
            15
          ],
          "1.000000": [
            76,
            58,
            15
          ]
        }
      },
      "moon": {
        "illuminance": {
          "0.500000": 2
        },
        "color": {
          "0.750000": [
            114,
            255,
            255
          ],
          "0.000000": [
            114,
            255,
            255
          ],
          "0.250000": [
            114,
            255,
            255
          ],
          "0.350000": [
            114,
            255,
            255
          ],
          "1.000000": [
            114,
            255,
            255
          ],
          "0.650000": [
            114,
            255,
            255
          ],
          "0.500000": [
            114,
            255,
            255
          ]
        }
      },
      "orbital_offset_degrees": {
        "0.500000": 330,
        "0.030000": 304,
        "0.250000": 330,
        "0.180000": 330,
        "0.070000": 310,
        "0.350000": 330,
        "0.750000": 330,
        "0.820000": 330,
        "0.930000": 310,
        "0.970000": 304,
        "1.000000": 304
      }
    },
    "emissive": {
      "desaturation": 0
    },
    "ambient": {
      "color": [
        76,
        118,
        60
      ],
      "illuminance": 5
    },
    "sky": {
      "intensity": 0.10000000149011612
    }
  }
}