{
  "format_version": "1.21.40",
  "minecraft:atmosphere_settings": {
    "description": {
      "identifier": "vedapack:raiden_atmospherics"
    },
    "sky_zenith_color": {
      "0.750000": [
        50,
        88,
        170
      ],
      "0.000000": [
        0,
        125,
        164
      ],
      "0.250000": [
        11,
        55,
        97
      ],
      "0.500000": [
        7,
        10,
        36
      ]
    },
    "sky_horizon_color": {
      "0.000000": [
        255,
        255,
        254
      ],
      "0.603000": [
        66,
        98,
        238
      ],
      "0.171875": [
        196,
        133,
        102
      ],
      "0.470000": [
        66,
        98,
        238
      ],
      "0.250000": [
        255,
        85,
        85
      ],
      "0.305000": [
        173,
        60,
        67
      ],
      "0.350000": [
        168,
        76,
        140
      ],
      "0.417500": [
        130,
        99,
        169
      ],
      "0.647500": [
        168,
        99,
        162
      ],
      "0.750000": [
        238,
        144,
        124
      ],
      "0.840000": [
        242,
        168,
        152
      ]
    },
    "rayleigh_strength": {
      "0.750000": 2,
      "0.325000": 0,
      "0.000000": 0,
      "0.250000": 0,
      "0.300000": 0,
      "0.303750": 0,
      "0.600000": 0,
      "0.707500": 0
    },
    "sun_mie_strength": {
      "0.750000": 20,
      "0.325000": 20,
      "0.000000": 20,
      "0.250000": 60,
      "0.300000": 60,
      "0.303750": 57.570037841796875,
      "0.600000": 20,
      "0.707500": 20
    },
    "moon_mie_strength": {
      "0.750000": 0,
      "0.325000": 20,
      "0.000000": 0,
      "0.250000": 0,
      "0.300000": 0,
      "0.303750": 2.2799999713897705,
      "0.600000": 20,
      "0.707500": 0
    },
    "sun_glare_shape": {
      "0.750000": 4,
      "0.325000": 15,
      "0.000000": 15.89900016784668,
      "0.250000": 15.89900016784668,
      "0.300000": 15.89900016784668,
      "0.303750": 15.84438705444336,
      "0.600000": 4,
      "0.707500": 4
    },
    "horizon_blend_stops": {
      "min": {
        "0.000000": 0,
        "0.340000": 0.10999999940395355,
        "0.196250": 0.00800000037997961,
        "0.250000": 0,
        "0.675000": 0.013329833745956421,
        "0.600000": 0.027000000700354576,
        "0.817500": 0,
        "0.748750": 0
      },
      "start": {
        "0.000000": 0.25,
        "0.340000": 0.4009999930858612,
        "0.196250": 0.41790661215782166,
        "0.250000": 0.21299999952316284,
        "0.675000": 0.21430787444114685,
        "0.600000": 0.23000000417232513,
        "0.817500": 0.6179999709129333,
        "0.748750": 0.19900642335414886
      },
      "mie_start": {
        "0.000000": 0.5,
        "0.340000": 0.5009999871253967,
        "0.196250": 1.1720000505447388,
        "0.250000": 0.5,
        "0.675000": 0.15000000596046448,
        "0.600000": 0.16699999570846558,
        "0.817500": 0.7900000214576721,
        "0.748750": 0.550000011920929
      },
      "max": {
        "0.000000": 0.25,
        "0.340000": 0.46700000762939453,
        "0.196250": 0.13699999451637268,
        "0.250000": 0,
        "0.675000": 0.191900834441185,
        "0.600000": 0.20000000298023224,
        "0.817500": 0,
        "0.748750": 0.21400000154972076
      }
    }
  }
}