{
    "format_version": "1.21.40",
    "minecraft:atmosphere_settings": {
      "description": {
        "identifier": "vedapack:raiden_atmosperics"
      },
      "sky_zenith_color": {
        "0.500000": [28,43,66 ],
        "0.750000": [55,57,64 ],
        "0.820000": [47,68,96 ],
        "1.000000": [68,97,138 ],
        "0.180000": [47,68,96 ],
        "0.840000": [47,68,96 ],
        "0.250000": [55,57,64 ],
        "0.350000": [28,43,66 ]
        
      },
      "sky_horizon_color": {
        "0.000000": [ 38, 56, 80 ],
        "0.750000": [ 137, 89, 67 ],
        "0.171875": [ 118, 142, 170 ],
        "0.470000": [ 66, 98, 238 ],
        "1.000000": [ 186, 236, 255 ],
        "0.305000": [ 124,174,236 ],
        "0.840000": [ 106, 145, 193 ],
        "0.417500": [ 102,  117,  132 ],
        "0.647500": [ 153, 110, 86 ],
        "0.250000": [ 46, 64, 86 ],
        "0.350000": [ 57, 83, 112 ]
      },
      "rayleigh_strength": {
        "0.750000": 0.125,
        "0.325000": 0.1624998152256012,
        "0.000000": 1.0261249542236328,
        "0.250000": 0.1624998152256012,
        "0.300000": 0.1624998152256012,
        "0.303750": 0.1624998152256012,
        "0.600000": 0.5,
        "0.707500": 0.1982535421848297
      },
      "sun_mie_strength": 0,
      "moon_mie_strength": 0,
      "sun_glare_shape": 0,
      "horizon_blend_stops": {
        "min": {
          "0.000000": 0,
          "0.340000": 0.10999999940395355,
          "0.196250": 0.00800000037997961,
          "0.250000": 0,
          "0.675000": 0.013329833745956421,
          "0.600000": 0.027000000700354576,
          "0.817500": 0,
          "0.748750": 0
        },
        "start": {
          "0.000000": 0.25,
          "0.340000": 0.4009999930858612,
          "0.196250": 0.41790661215782166,
          "0.250000": 0.21299999952316284,
          "0.675000": 0.21430787444114685,
          "0.600000": 0.23000000417232513,
          "0.817500": 0.6179999709129333,
          "0.748750": 0.19900642335414886
        },
        "mie_start": {
          "0.000000": 0.5,
          "0.340000": 0.5009999871253967,
          "0.196250": 1.1720000505447388,
          "0.250000": 0.5,
          "0.675000": 0.15000000596046448,
          "0.600000": 0.16699999570846558,
          "0.817500": 0.7900000214576721,
          "0.748750": 0.550000011920929
        },
        "max": {
          "0.000000": 0.25,
          "0.340000": 0.46700000762939453,
          "0.196250": 0.13699999451637268,
          "0.250000": 0,
          "0.675000": 0.191900834441185,
          "0.600000": 0.20000000298023224,
          "0.817500": 0,
          "0.748750": 0.21400000154972076
        }
      }
    }
  }