{
  "format_version": "1.21.40",
  "minecraft:atmosphere_settings": {
      "description": {
          "identifier": "vedapack:raiden_atmospherics"
      },
      "horizon_blend_stops":{
          "min": { 
              "0.0": 0.0, 
              "0.1962499916553497": 0.008, 
              "0.25": 0.0, 
              "0.34": 0.11, 
              "0.6": 0.027, 
              "0.6750000119209290": 0.01332983374595642, 
              "0.7487499713897705": 0.0, 
              "0.8174999952316284": 0.0 
          }, 
          "start": { 
              "0.0": 0.25, 
              "0.1962499916553497": 0.4179066121578217, 
              "0.25": 0.213, 
              "0.34": 0.401, 
              "0.6": 0.23, 
              "0.6750000119209290": 0.2143078744411469, 
              "0.7487499713897705": 0.1990064233541489, 
              "0.8174999952316284": 0.6179999709129333 
          }, 
          "mie_start": {
              "0.0": 0.5,
              "0.1962499916553497": 1.172000050544739,
              "0.25": 0.5,
              "0.34": 0.5009999871253967,
              "0.6": 0.167,
              "0.6750000119209290": 0.15,
              "0.7487499713897705": 0.55,
              "0.8174999952316284": 0.79
          }, 
          "max": { 
              "0.0": 0.25, 
              "0.1962499916553497": 0.137, 
              "0.25": 0.0, 
              "0.34": 0.467, 
              "0.6": 0.2,
              "0.6750000119209290": 0.1919008344411850, 
              "0.7487499713897705": 0.214, 
              "0.8174999952316284": 0.0 
          }
      },
      "rayleigh_strength": { 
          "0.0": 1.026124954, 
          "0.25": 0.1624998152, 
          "0.3": 0.1624998152, 
          "0.3037499785423279": 0.1624998152, 
          "0.3249999880790710": 0.1624998152, 
          "0.6": 0.5, 
          "0.7074999809265137": 0.1982535422, 
          "0.75": 0.125
      }, 
      "sun_glare_shape": 4.0,
      "sun_mie_strength": 1.0,
      "moon_mie_strength": 0.0
      },
      
      "sky_zenith_color": { 
          "0.0": [ 72, 104, 149 ], 
          "0.25": [ 255, 178, 0 ], 
          "0.5": [ 26, 40, 60 ], 
          "0.75": [ 89, 116, 157 ] 
      }, 
      "sky_horizon_color": { 
          "0.0": [ 186,236,255 ],
          "0.171875": [ 113,104,102 ], 
          "0.25": [ 143,98,76 ], 
          "0.305": [ 97,64,47 ], 
          "0.35": [ 100, 13, 107 ], 
          "0.4174999892711639": [ 181, 27, 117 ], 
          "0.47": [ 51,67,84 ], 
          "0.6030000448226929": [ 57,83,112 ] , 
          "0.6474999785423279": [ 182, 0, 113 ], 
          "0.75": [ 235, 91, 0 ], 
          "0.84": [ 255, 178, 149 ] 
      }
    }