{"format_version":"1.21.40","minecraft:atmosphere_settings":{"description":{"identifier":"vedapack:raiden_atmosperics"},"sky_zenith_color":{"0.250000":[70,82,209],"0.180000":[47,68,96],"0.350000":[28,43,66],"1.000000":[68,97,138],"0.500000":[28,43,66],"0.750000":[55,57,64],"0.820000":[61,90,131]},"sky_horizon_color":{"0.000000":[38,56,80],"0.171875":[118,142,170],"0.470000":[66,98,238],"0.250000":[254,145,205],"0.647500":[153,110,86],"0.305000":[124,174,236],"0.350000":[57,83,112],"0.417500":[102,117,132],"0.750000":[137,89,67],"0.840000":[106,145,193],"1.000000":[186,236,255]},"rayleigh_strength":{"0.750000":5,"0.325000":3,"0.000000":5,"0.250000":0.10000000149011612,"0.300000":4,"0.303750":3,"0.600000":4,"0.707500":4.5},"sun_mie_strength":{"0.000000":60},"moon_mie_strength":{"0.000000":0},"sun_glare_shape":{"0.000000":0.5},"horizon_blend_stops":{"min":{"0.000000":0.15000000596046448,"0.340000":0.30000001192092896,"0.196250":0.20000000298023224,"0.250000":1,"0.675000":0.25,"0.600000":0.30000001192092896,"0.817500":0.15000000596046448,"0.748750":0.20000000298023224},"start":{"0.000000":1,"0.340000":0.4000000059604645,"0.196250":0.800000011920929,"0.250000":1,"0.675000":0.6000000238418579,"0.600000":0.4000000059604645,"0.817500":1,"0.748750":0.800000011920929},"mie_start":{"0.000000":0.14000000059604645,"0.340000":0.5009999871253967,"0.196250":1.1720000505447388,"0.250000":0.10000000149011612,"0.675000":0.15000000596046448,"0.600000":0.16699999570846558,"0.817500":0.7900000214576721,"0.748750":0.550000011920929},"max":{"0.000000":1,"0.340000":1,"0.196250":1,"0.250000":0.25,"0.675000":1,"0.600000":1,"0.817500":1,"0.748750":1}}}}