{
	"format_version":"1.21.40",
	"minecraft:atmosphere_settings":{
		"description":{
			"identifier":"vedapack:crimson_raiden_atmosperics"
		},
		"sky_zenith_color":{
			"0.0":[51, 9, 9 ],
			"1.0":[50, 0, 0  ]
		},
		"sky_horizon_color":{
			"0.000000":[172, 32, 32 ],
			"1.000000":[170, 30, 30 ]
		},
		"rayleigh_strength":{
			"0.750000":5,
			"0.325000":3,
			"0.000000":5,
			"0.250000":0.10000000149011612,
			"0.300000":4,
			"0.303750":3,
			"0.600000":4,
			"0.707500":4.5
		},
		"sun_mie_strength":{"0.0": 60,"1.0": 60},
		"moon_mie_strength":{"0.0": 0.0,"1.0": 0.0},
		"sun_glare_shape":{"0.0": 0.5,"1.0": 0.5},
		"horizon_blend_stops":{"min": {"0.0": 0.0,"1.0": 0.0},
			"start": {
   "0.750000": 0.25,
   "0.000000": 0.800000011920929,
   "0.827004": 0.5,
   "0.250000": 0.5,
	"0.300912": 0.25,
   "1.000000": 0.800000011920929
   },
   "mie_start": {
   "0.800000": 1.0,
   "0.000000": 0.5,
   "0.900000": 0.5,
   "0.100000": 0.5,
   "0.200000": 1.0,
   "1.000000": 0.5
   },
   "max": {"0.0": 1,"1.0": 1}
		}
	}
}